Moreau_et_al_name,subfamily,tribe,genus,NotesAcanthomyops_laticeps,looks_like_major_taxonomic_revision_in_group?,,,Acropyga_epedana,Formicinae,Plagiolepidini,Acropyga,Adetomyrma_sp.2b,Amblyoponinae,,_Adetomyrma,Aenictus_sp.1,Dorylinae,,Aenictus,Aenictus_sp.2,Dorylinae,,Aenictus,Amblyopone_pallipes,Amblyoponinae,,Amblyopone,MorphAneuretus_simoni,Aneuretinae,,Aneuretus,MorphAnochetus_mayri,Ponerinae,,Ponerini,Anonychomyrma_nitidiceps,Dolichoderinae,Leptomyrmecini,Anonychomyrma,Anoplolepis_gracillipes,Formicinae,Plagiolepidini,Anoplolepis,Aphaenogaster_texana,Myrmicinae,Stenammini,Aphaenogaster,Apomyrma_stygia,Amblyoponinae,,Apomyrma,MorphApterostigma_sp.,_Myrmicinae,Attini,_Apterostigma,Atopomyrmex_mocquerysi,Myrmicinae,Crematogastrini,Atopomyrmex,Atta_sp.,Myrmicinae,Attini,Atta,Azteca_sp.,Dolichoderinae,Leptomyrmecini,Azteca,Bothriomyrmex_hispanicus,Dolichoderinae,Bothriomyrmecini,Bothriomyrmex,Brachymyrmex_sp.,Formicinae,Myrmelachistini,Brachymyrmex,Calyptomyrmex_beccari,Myrmicinae,Crematogastrini,Calyptomyrmex,Camponotus_ocreatus,Formicinae,Camponotini,Camponotus,Cardiocondyla_emeryi,Myrmicinae,Crematogastrini,Cardiocondyla,Carebara_sp.,Myrmicinae,Crematogastrini,Carebara,Cataglyphis_ibericus,Formicinae,Formicini,Cataglyphis,Cataulacus_sp.,Myrmicinae,Crematogastrini,Cataulacus,Centromyrmex_feae,Ponerinae,Ponerini,Centromyrmex,Cephalotes_unimaculatus,Myrmicinae,Attini,Cephalotes,Cerapachys_augustae,Dorylinae,,Cerapachys,Chyphotes_sp.,Bradynobaenidae,Chyphotinae,Chyphotes,Colobostruma_unicorna,Myrmicinae,Attini,Colobostruma,Concoctio_concenta,Amblyoponinae,,Concoctio,MorphCrematogaster_navajoa,Myrmicinae,Crematogastrini,Crematogaster,Cryptopone_gilva,Ponerinae,Ponerini,Cryptopone,MorphCyphomyrmex_sp.,Myrmicinae,Attini,Cyphomyrmex,Diacamma_sp.,Ponerinae,Ponerini,Diacamma,Dilobocondyla_sp.,Myrmicinae,Crematogastrini,Dilobocondyla,Dinopoenra_gigantea,Ponerinae,Ponerini,Dinopoenra,Discothyrea_sp.,Proceratiinae,Proceratiini,Discothyrea,Dolichoderus_imitator,Dolichoderinae,Dolichoderini,Dolichoderus,Dorylus_mayri,Dorylinae,,Dorylus,Dorylus_wilverthi,Dorylinae,,Dorylus,Dorymyrmex_elegans,Dolichoderinae,Leptomyrmecini,Dorymyrmex,Eciton_hamatum,Dorylinae,,Eciton,MorphEctatomma_quadridens,Ectatomminae,Ectatommini,Ectatomma,Euprenolepis_negrosensis,Formicinae,Lasiini,Euprenolepis,Eurhopalothrix_sp.,Myrmicinae,Attini,Eurhopalothrix,Eutetramorium_sp.,Myrmicinae,Crematogastrini,Eutetramorium,Evagetes_sp.,WASP,,,Forelius_sp.,Dolichoderinae,Leptomyrmecini,Forelius,Formica_wheeleri,Formicinae,Formicini,Formica,Formicoxenus_provancheri,Myrmicinae,Crematogastrini,Formicoxenus,Froggattella_latispina,Dolichoderinae,Leptomyrmecini,Froggattella,Gnamptogenys_sp.,Ectatomminae,Ectatommini,Gnamptogenys,Goniomma_hispanicum,Myrmicinae,Stenammini,Goniomma,Heteroponera_microps,Heteroponerinae,,Heteroponera,Heteroponera_panamensis,Heteroponerinae,,Heteroponera,Hypoponera_inexorata,Ponerinae,Ponerini,Hypoponera,Iridomyrmex_spadius,Dolichoderinae,Leptomyrmecini,Iridomyrmex,Labidus_spininodis,Dorylinae,,Labidus,Lasius_alienus,Formicinae,Lasiini,Lasius,Leptanilla_sp.,Leptanillinae,Leptanillini,Leptanilla,Leptanilloides_nomada,Dorylinae,Leptanilloides,,Leptanilloides_nubecula,Dorylinae,Leptanilloides,,Leptogenys_sp.,Ponerinae,Ponerini,Leptogenys,Leptomyrmex_sp.,Dolichoderinae,Leptomyrmecini,Leptomyrmex,Leptothorax_sp.,Myrmicinae,Crematogastrini,Leptothorax,Linepithema_keiteli,Dolichoderinae,Leptomyrmecini,Linepithema,Liometopum_luctuosum,Dolichoderinae,Tapinomini,Liometopum,Lophomyrmex_striatulus,Myrmicinae,Crematogastrini,Lophomyrmex,Mayriella_transfuga,Myrmicinae,Crematogastrini,Mayriella,Megalomyrmex_latreillei,Myrmicinae,Solenopsidini,Megalomyrmex,Melissotarsus_sp.,Myrmicinae,Crematogastrini,Melissotarsus,Melophorus_sp.,Formicinae,Melophorini,Melophorus,Meranoplus_mayri,Myrmicinae,Crematogastrini,Meranoplus,Messor_julianus,Myrmicinae,Stenammini,Messor,Metapone_madagascarica,Myrmicinae,Crematogastrini,Metapone,MorphMonomorium_destructor,Myrmicinae,Stenammini,Monomorium,Myopias_lobosa,Ponerinae,Ponerini,Myopias,Myopopone_castanea,Amblyoponinae,,Myopopone,MorphMyrmecia_fulviculis,Myrmeciinae,Myrmeciini,Myrmecia,Myrmecocystus_mexicanus,Formicinae,Lasiini,Myrmecocystus,Myrmecorhynchus_sp.,Formicinae,Melophorini,Myrmecorhynchus,Myrmelachista_sp.,Formicinae,Myrmelachistini,Myrmelachista,Myrmica_incompleta,Myrmicinae,Myrmicini,Myrmica,Myrmicaria_brunnea,Myrmicinae,Solenopsidini,Myrmicaria,Myrmoteras_williamsi,Formicinae,Myrmoteratini,Myrmoteras,Mystrium_rogeri,Amblyoponinae,,Mystrium,Neivamyrmex_nigrescens,Dorylinae,,Neivamyrmex,Nomamyrmex_esenbecki,Dorylinae,,Nomamyrmex,Notonchus_sp._-_fire_ant?_possibly:__Dolichoderinae,Leptomyrmecini,,,Ochetellus_glaber,Dolichoderinae,,Ochetellus,Ocymyrmex_picardi,Myrmicinae,Crematogastrini,Ocymyrmex,Odontomachus_clarus,Ponerinae,Ponerini,Odontomachus,Odontophotopsis_sp.,wasp,,,Odontoponera_transversa,Ponerinae,Ponerini,Odontoponera,MorphOecophylla_smaragdina,Formicinae,Oecophyllini,Oecophylla,MorphOligomyrmex_sp.,Myrmicinae,Crematogastrini,Oligomyrmex,Onychomyrmex_hedleyi,Amblyoponinae,,Onychomyrmex,Opisthopsis_sp.,Formicinae,Camponotini,Opisthopsis,Oxyopomyrmex_insularis,Myrmicinae,Stenammini,Oxyopomyrme,Pachycondyla_stigma,Ponerinae,Ponerini,Pachycondyla,MorphPapyrius_nitidus,Dolichoderinae,Leptomyrmecini,Papyrius,Paraponera_clavata,Paraponerinae,,Paraponera,MorphPheidole_rhea,Myrmicinae,Attini,Pheidole,Pheidologeton_sp.,Myrmicinae,Crematogastrini,Pheidologeton,Philanthus_sp.,wasp,,,Philidris_cordatus,Dolichoderinae,Leptomyrmecini,Philidris,Plagiolepis_sp.,Formicinae,Plagiolepidini,Plagiolepis,Platythyrea_punctata,Ponerinae,Platythyreini,Platythyrea,MorphPodomyrma_sp.,Myrmicinae,Crematogastrini,Podomyrma,Pogonomyrmex_maricopa,Myrmicinae,Pogonomyrmecini,Pogonomyrmex,Polyergus_briviceps,Formicinae,Formicini,Polyergus,Polyrhachis_vindex,Formicinae,Camponotini,Polyrhachis,Prenolepis_imparis,Formicinae,Lasiini,Prenolepis,Prionopelta_sp.2,Amblyoponinae,,Prionopelta,Pristomyrmex_sp.,Myrmicinae,Crematogastrini,Pristomyrmex,Proatta_butteli,Myrmicinae,Crematogastrini,Proatta,Probolomyrmex_sp.,Proceratiinae,Probolomyrmecini,Probolomyrmex,Proceratium_sp.1,Proceratiinae,Proceratiini,Proceratium,Procryptocerus_batesi,Myrmicinae,Attini,Procryptocerus,Proformica_nasuta,Formicinae,Formicini,Proformica,Prolasius_sp.,Formicinae,Melophorini,Prolasius,Protanilla_sp.,Leptanillinae,Anomalomyrmini,Protanilla,Pseudolasius_typhlops,Formicinae,Lasiini,Pseudolasius,Pseudomyrmex_apache,Pseudomyrmecinae,,Pseudomyrmex,Pyramica_pulchella,Myrmicinae,Attini,Pyramica,Rhopalomastix_janeti,Myrmicinae,Crematogastrini,Rhopalomastix,Rhytidoponera_metallica,Ectatomminae,Ectatommini,Rhytidoponera,Sericomyrmex_sp.,Myrmicinae,Attini,Sericomyrmex,Solenopsis_invicta,Myrmicinae,Solenopsidini,Solenopsis,Sphinctomyrmex_sp.,Dorylinae,,Sphinctomyrmex,Stenamma_snellingi,Myrmicinae,Stenammini,Stenamma,Stigmacros_sp.,Formicinae,Melophorini,Stigmacros,Strumigenys_sp.,Myrmicinae,Attini,Strumigenys,Tapinoma_opacum,Dolichoderinae,Tapinomini,,Taturidris_tatusia,Agroecomyrmecinae,,Taturidris,Technomyrmex_albipes,Dolichoderinae,Tapinomini,Technomyrmex,MorphTemnothorax_tricarinatus,Myrmicinae,Crematogastrini,Temnothorax,Terataner_sp.,Myrmicinae,Crematogastrini,Terataner,Tetramorium_hispidum,Myrmicinae,Crematogastrini,Tetramorium,Tetraponera_sp.,Pseudomyrmecinae,,Tetraponera,Trachymyrmex_jamaicensis,Myrmicinae,Attini,Trachymyrmex,Tranopelta_subterranea,Myrmicinae,Attini,Tranopelta,Typhlomyrmex_rogenhoferi,Ectatomminae,Typhlomyrmecini,Typhlomyrmex,MorphVespula_sp.,wasp,,,Vollenhovia_sp,Myrmicinae,Crematogastrini,Vollenhovia,Wasmannia_sp.,Myrmicinae,Attini,Wasmannia,Xenomyrmex_floridanus,Myrmicinae,Crematogastrini,Xenomyrmex,Yunodorylus_sexspinus,Dorylinae,,Yunodorylus,